FromSectionID,FromSectionTitle,ToSectionID,ToSectionTitle,Text
act1,"Act 1 (""You don't seem like yourself"")",act1b,Act 1b (What I found in the dark),What I found in the dark
act1b,Act 1b (What I found in the dark),act2,Act 2 (What the dark found in me),What the dark found in me
act2,Act 2 (What the dark found in me),act3,Act 3 (Gratitude dawns),When gratitude dawned
act2,Act 2 (What the dark found in me),segue-what-is-gratitude,Segue: What is gratitude?,What is gratitude?
act2,Act 2 (What the dark found in me),segue-how-to-be-grateful,Segue: How to be grateful,How to be grateful
act3,Act 3 (Gratitude dawns),theme-relationships,Theme: Relationships and social connections,How I am because you are
act3,Act 3 (Gratitude dawns),theme-food,Theme: Food and cooking,How nourishing is food
act3,Act 3 (Gratitude dawns),theme-solitude,Theme: Solitude and self-care,How I must go alone sometimes
act3,Act 3 (Gratitude dawns),theme-nature,Theme: Nature and travel,How awe lies outside
theme-relationships,Theme: Relationships and social connections,segue-what-is-a-person,Segue: What is a person?,What is a person?
theme-relationships,Theme: Relationships and social connections,theme-food,Theme: Food and cooking,How nourishing is food
theme-relationships,Theme: Relationships and social connections,theme-nature,Theme: Nature and travel,How awe lies outside
theme-relationships,Theme: Relationships and social connections,theme-solitude,Theme: Solitude and self-care,How I must go alone sometimes
theme-food,Theme: Food and cooking,theme-food-story-1,Theme: Food and cooking: Sub-story 1,How to take what you need
theme-food,Theme: Food and cooking,theme-food-story-2,Theme: Food and cooking: Sub-story 2,What I found in an underground kitchen
theme-food-story-1,Theme: Food and cooking: Sub-story 1,theme-food-story-2,Theme: Food and cooking: Sub-story 2,What I found in an underground kitchen
theme-food-story-1,Theme: Food and cooking: Sub-story 1,theme-nature,Theme: Nature and travel,How awe lies outside
theme-food-story-1,Theme: Food and cooking: Sub-story 1,theme-relationships,Theme: Relationships and social connections,How I am because you are
theme-food-story-1,Theme: Food and cooking: Sub-story 1,theme-solitude,Theme: Solitude and self-care,How I must go alone sometimes
theme-food-story-2,Theme: Food and cooking: Sub-story 2,theme-food-story-1,Theme: Food and cooking: Sub-story 1,How to take what you need
theme-food-story-2,Theme: Food and cooking: Sub-story 2,theme-nature,Theme: Nature and travel,How awe lies outside
theme-food-story-2,Theme: Food and cooking: Sub-story 2,theme-relationships,Theme: Relationships and social connections,How I am because you are
theme-food-story-2,Theme: Food and cooking: Sub-story 2,theme-solitude,Theme: Solitude and self-care,How I must go alone sometimes
theme-solitude,Theme: Solitude and self-care,act4,Act 4 (What I found when I went outside),What I found when I went outside
theme-solitude,Theme: Solitude and self-care,theme-food,Theme: Food and cooking,How nourishing is food
theme-solitude,Theme: Solitude and self-care,theme-nature,Theme: Nature and travel,How awe lies outside
theme-solitude,Theme: Solitude and self-care,theme-relationships,Theme: Relationships and social connections,How I am because you are
theme-nature,Theme: Nature and travel,theme-food,Theme: Food and cooking,How nourishing is food
theme-nature,Theme: Nature and travel,theme-relationships,Theme: Relationships and social connections,How I am because you are
theme-nature,Theme: Nature and travel,theme-solitude,Theme: Solitude and self-care,How I must go alone sometimes
act4,Act 4 (What I found when I went outside),act5,Act 5 (Burn after burning),Burn after burning
act4,Act 4 (What I found when I went outside),segue-how-we-write,Segue: How we write when we write about gratitude,How we write when we write about gratitude
act4,Act 4 (What I found when I went outside),segue-how-to-be-grateful,Segue: How to be grateful,How to be grateful
act5,Act 5 (Burn after burning),epilogue,Epilogue,Go well; stay well
segue-how-to-be-grateful,Segue: How to be grateful,segue-other-wellbeing-boosters,Segue: Other wellbeing boosters,How to boost your wellbeing
segue-how-to-be-grateful,Segue: How to be grateful,segue-what-is-gratitude,Segue: What is gratitude?,What is gratitude?
segue-how-to-be-grateful,Segue: How to be grateful,segue-when-not-to-thank,Segue: When not to say thanks,When not to say thanks
segue-how-to-be-grateful,Segue: How to be grateful,act3,Act 3 (Gratitude dawns),When gratitude dawned
segue-other-wellbeing-boosters,Segue: Other wellbeing boosters,act3,Act 3 (Gratitude dawns),When gratitude dawned
segue-other-wellbeing-boosters,Segue: Other wellbeing boosters,segue-when-not-to-thank,Segue: When not to say thanks,When not to say thanks
segue-when-not-to-thank,Segue: When not to say thanks,act3,Act 3 (Gratitude dawns),When gratitude dawned
segue-when-not-to-thank,Segue: When not to say thanks,segue-other-wellbeing-boosters,Segue: Other wellbeing boosters,How to boost your wellbeing
segue-what-is-gratitude,Segue: What is gratitude?,segue-how-to-be-grateful,Segue: How to be grateful,How to be grateful
segue-what-is-gratitude,Segue: What is gratitude?,act3,Act 3 (Gratitude dawns),When gratitude dawned
segue-what-is-a-person,Segue: What is a person?,theme-food,Theme: Food and cooking,How nourishing is food
segue-what-is-a-person,Segue: What is a person?,theme-solitude,Theme: Solitude and self-care,How I must go alone sometimes
segue-what-is-a-person,Segue: What is a person?,theme-nature,Theme: Nature and travel,How awe lies outside
segue-how-we-write,Segue: How we write when we write about gratitude,act5,Act 5 (Burn after burning),Burn after burning
epilogue,Epilogue,act1,"Act 1 (""You don't seem like yourself"")",Start again